S/SP,Sex,Group,Group size,Bee ID,Colony ,Microbiome,Date of eclosion,Date 1st treatment ,Flight date,Age at flight (days),Mill ,Intertegular distance (mm) ,Weight,Sucrose consumed,Circuits ,Distance (m),Mean Speed,Flight Time (s),Flight Time (mins)
SP,F,15C2,2,C15S6,15,0,01/07/2019,01/07/2019,06/06/2019,5,6,4.745,0.1868,0.0000,1029,872.59,0.435370872,2004.249839,33.4042
SP,F,16C1,1,C16S4,16,0,01/07/2019,01/07/2019,06/06/2019,5,3,4.797,0.341,0.0000,946,802.21,0.570106533,1407.119465,23.4520
S,F,16E2,2,C16M4,16,1,01/07/2019,01/07/2019,06/06/2019,5,4,4.984,0.293,0.0187,146,123.81,0.766229807,161.5807672,2.6930
S,F,16F3,3,C16M6,16,1,01/07/2019,01/07/2019,06/06/2019,5,2,5.472,0.315,0.0000,661,560.53,0.434712107,1289.423486,21.4904
SP,F,15B2,2,C15S3,15,0,01/07/2019,01/07/2019,06/06/2019,5,1,5.477,0.5179,0.0000,11,9.33,0.767329787,12.15644193,0.2026
SP,F,15B2,2,C15S4,15,0,01/07/2019,01/07/2019,06/06/2019,5,2,5.33,0.301,0.0000,53,44.94,0.690264674,65.11125613,1.0852
SP,F,15C2,2,C15S5,15,0,01/07/2019,01/07/2019,06/06/2019,5,5,4.784,0.359,0.0000,2,1.70,0.512926164,3.306518793,0.0551
S,F,16E2,2,C16M3,16,1,01/07/2019,01/07/2019,06/06/2019,5,3,4.444,0.321,0.0046,39,33.07,0.405322327,81.59432078,1.3599
S,F,16F3,3,C16M5,16,1,01/07/2019,01/07/2019,06/06/2019,5,1,4.708,0.192,0.0032,34,28.83,0.99864379,28.87115526,0.4812
SP,F,16D3,3,C16S7,16,0,01/07/2019,01/07/2019,06/06/2019,5,6,3.937,0.314,0.0023,1,0.85,0.389403445,2.177690029,0.0363
SP,F,16D3,3,C16S5,16,0,01/07/2019,01/07/2019,06/06/2019,5,4,5.073,0.188,0.0000,6,5.09,0.512793989,9.92211318,0.1654
SP,F,16D3,3,C16S6,16,0,01/07/2019,01/07/2019,06/06/2019,5,5,4.402,0.137,0.0149,0,0.00,0.000,0.000,0.0000
SP,F,15A2,2,C15S1,15,0,28/06/2019,28/06/2019,03/07/2019,5,1,5.232,0.219,0.0000,504,427.39,0.625781257,682.9734759,11.3829
SP,F,16A3,3,C16S3,16,0,28/06/2019,28/06/2019,03/07/2019,5,3,5.519,0.1794,0.0348,155,131.44,1.177996248,111.5793028,1.8597
S,F,13A3,3,C13M1,13,1,27/06/2019,27/06/2019,03/07/2019,6,1,5.003,0.2177,0.0000,38,32.22,1.294822187,24.88681483,0.4148
S,F,13A3,3,C13M2,13,1,27/06/2019,27/06/2019,03/07/2019,6,2,5.815,0.1812,0.0152,4,3.39,0.421653491,8.044520139,0.1341
SP,F,13C2,2,C13S2,13,0,28/06/2019,28/06/2019,03/07/2019,5,4,5.227,0.28,0.0047,52,44.10,0.599341851,73.57403779,1.2262
SP,F,13C2,2,C13S3,13,0,28/06/2019,28/06/2019,03/07/2019,5,5,5.019,0.335,0.0000,3,2.54,0.905663294,2.808990955,0.0468
S,F,13A3,3,C13M3,13,1,27/06/2019,27/06/2019,03/07/2019,6,6,4.465,0.245,0.0000,0,0.00,0.000,0.000,0.0000
S,F,16B2,2,C16M1,16,1,28/06/2019,28/06/2019,03/07/2019,5,2,4.964,0.293,0.0023,28,23.74,0.799012726,29.71667314,0.4953
S,F,16B2,2,C16M2,16,1,28/06/2019,28/06/2019,03/07/2019,5,3,4.368,0.2007,0.0000,22,18.66,0.830959663,22.45114994,0.3742
SP,F,16A3,3,C16S1,16,0,28/06/2019,28/06/2019,03/07/2019,5,4,4.569,0.199,0.0000,32,27.14,0.957627929,28.33668399,0.4723
SP,F,16A3,3,C16S2,16,0,28/06/2019,28/06/2019,03/07/2019,5,5,4.711,0.184,0.0046,63,53.42,0.671721037,79.53301597,1.3256
SP,F,16H3,3,C16S10,16,0,01/07/2019,02/07/2019,07/07/2019,6,1,4.86,0.341,0.0000,1919,1627.31,0.702846768,2315.315477,38.5886
SP,F,16H3,3,C16S11,16,0,01/07/2019,02/07/2019,07/07/2019,6,2,5.711,0.32,0.0127,359,304.43,0.761230372,399.920985,6.6653
SP,F,16G2,2,C16S9,16,0,02/07/2019,02/07/2019,07/07/2019,5,3,4.954,0.283,0.003,389,329.87,0.347726682,948.653116,15.8109
S,M,12B2,2,C12M1,12,1,01/07/2019,02/07/2019,07/07/2019,6,1,5.648,0.237,0.0000,113,95.824,0.812461233,117.9428582,1.9657
S,F,12C3,3,C12M5,12,1,01/07/2019,02/07/2019,07/07/2019,6,5,4.998,0.468,0.0086,141,119.57,0.762581174,156.7937999,2.6132
S,F,16I2,2,C16M8,16,1,01/07/2019,02/07/2019,07/07/2019,6,6,4.306,0.278,0.0000,388,329.02,0.86424191,380.708221,6.3451
S,M,12B2,2,C12M2,12,1,01/07/2019,02/07/2019,07/07/2019,6,2,5.503,0.467,0.0000,20,16.960,0.525979854,32.24458098,0.5374
S,F,12C3,3,C12M3,12,1,01/07/2019,02/07/2019,07/07/2019,6,3,4.829,0.253,0.0157,13,11.02,0.42087669,26.19294501,0.4365
S,F,12C3,3,C12M4,12,1,01/07/2019,02/07/2019,07/07/2019,6,4,6.127,0.318,0.0000,9,7.63,0.863878271,8.834578037,0.1472
SP,F,12A2,2,C12S2,12,0,01/07/2019,02/07/2019,07/07/2019,6,5,4.409,0.375,0.0050,46,39.01,0.367929265,106.0203786,1.7670
S,F,14B3,3,C14M1,14,1,01/07/2019,02/07/2019,07/07/2019,6,4,4.679,0.521,0.0169,0,0.00,0.000,0.000,0.0000
S,F,14B3,3,C14M2,14,1,01/07/2019,02/07/2019,07/07/2019,6,5,5.312,0.184,0.0092,5,4.24,0.820901375,5.165054083,0.0861
S,F,14B3,3,C14M3,14,1,01/07/2019,02/07/2019,07/07/2019,6,6,4.448,0.013,0.0153,36,30.53,0.849645785,35.9302671,0.5988
SP,M,12A2,2,C12S1,12,0,01/07/2019,02/07/2019,07/07/2019,6,4,5.303,0.344,0.0000,79,66.992,0.951861784,70.37996602,1.1730
SP,F,14A1,1,C14S1,14,0,01/07/2019,02/07/2019,07/07/2019,6,3,5.339,0.466,0.0000,39,33.07,0.7264784,45.52372098,0.7587
S,F,16I2,2,C16M9 ,16,1,01/07/2019,02/07/2019,07/07/2019,6,1,5.288,0.416,0.0000,45,38.16,0.628980698,60.66958833,1.0112
SP,F,16G2,2,C16S8,16,0,02/07/2019,02/07/2019,07/07/2019,5,2,4.742,0.479,0.000,0,0.00,0.000,0.000,0.0000
SP,F,15C3,3,C15M1,15,1,03/07/2019,03/07/2019,08/07/2019,5,4,5.122,0.368,0.0000,157,133.14,0.876623475,151.8736422,2.5312
SP,F,15C3,3,C15M2,15,1,03/07/2019,03/07/2019,08/07/2019,5,5,5.004,0.464,0.0000,1110,941.28,0.478806498,1965.888107,32.7648
SP,F,12D1,1,C12S3,12,0,02/07/2019,03/07/2019,08/07/2019,6,4,5.073,0.338,0.0049,42,35.62,0.7744218,45.99044085,0.7665
SP,F,13E2,2,C13S4,13,0,02/07/2019,03/07/2019,08/07/2019,6,5,4.881,0.278,0.0000,0,0.00,0.000,0.000,0.0000
SP,F,13E2,2,C13S5,13,0,02/07/2019,03/07/2019,08/07/2019,6,6,5.128,0.286,0.0000,2,1.70,0.505112166,3.357670069,0.0560
SP,F,13F3,3,C13S6,13,0,03/07/2019,03/07/2019,08/07/2019,5,1,4.781,0.362,0.0000,3,2.54,0.932824538,2.727200985,0.0455
SP,F,13F3,3,C13S7,13,0,03/07/2019,03/07/2019,08/07/2019,5,2,4.832,0.234,0.0000,0,0.00,0.000,0.000,0.0000
SP,F,13F3,3,C13S8,13,0,03/07/2019,03/07/2019,08/07/2019,5,3,4.757,0.234,0.0000,0,0.00,0.000,0.000,0.0000
SP,F,14D2,2,C14S4,14,0,03/07/2019,03/07/2019,08/07/2019,5,6,4.826,0.237,0.0096,9,7.63,0.811072245,9.409765956,0.1568
SP,F,15C3,3,C15M3,15,1,03/07/2019,03/07/2019,08/07/2019,5,6,5.201,0.231,0.0027,28,23.74,0.545946305,43.49145651,0.7249
SP,F,15D2,2,C15M4,15,1,03/07/2019,03/07/2019,08/07/2019,5,3,5.126,0.266,0.0000,59,50.03,0.835045072,59.91532874,0.9986
SP,F,15D2,2,C15M5,15,1,03/07/2019,03/07/2019,08/07/2019,5,4,5.157,0.45,0.0085,62,52.58,1.02794611,51.14665008,0.8524
SP,F,13D2,2,C13M4,13,1,03/07/2019,04/07/2019,09/07/2019,6,4,5.512,0.529,0.0000,33,27.98,0.475103275,58.90087795,0.9817
SP,F,13D2,2,C13M5,13,1,03/07/2019,04/07/2019,09/07/2019,6,5,5.053,0.28,0.0000,28,23.74,0.604821172,39.25788498,0.6543
SP,F,13G3,3,C13M6,13,1,03/07/2019,04/07/2019,09/07/2019,6,1,5.261,0.294,0.0000,10,8.48,0.666795771,12.71753717,0.2120
SP,F,13G3,3,C13M7,13,1,03/07/2019,04/07/2019,09/07/2019,6,2,3.882,0.129,0.0000,0,0.00,0.000,0.000,0.0000
SP,F,13G3,3,C13M8,13,1,03/07/2019,04/07/2019,09/07/2019,6,3,5.443,0.315,0.0000,25,21.20,0.601532624,35.24330878,0.5874
SP,F,14I3,3,C14S5,14,0,04/07/2019,05/07/2019,10/07/2019,6,1,5.272,0.221,0.0000,115,97.52,0.857823331,113.6830819,1.8947
SP,F,15H3,3,C15S7,15,0,04/07/2019,05/07/2019,10/07/2019,6,1,4.812,0.243,0.0000,114,96.67,0.89836483,107.6088431,1.7935
SP,F,15H3,3,C15S9,15,0,04/07/2019,05/07/2019,10/07/2019,6,2,4.396,0.223,0.0000,191,161.97,0.462448855,350.2398119,5.8373
SP,F,15F3,3,C15M9,15,1,04/07/2019,05/07/2019,10/07/2019,6,6,5.095,0.253,0.0000,138,117.02,0.951452729,122.9950752,2.0499
SP,F,16K3,3,C16M15,16,1,04/07/2019,05/07/2019,10/07/2019,6,4,4.745,0.208,0.0000,404,342.59,0.436288025,785.2427311,13.0874
SP,F,16L3,3,C16M17,16,1,04/07/2019,05/07/2019,10/07/2019,6,4,5.049,0.118,0.0142,269,228.11,0.725748959,314.312542,5.2385
SP,F,16L3,3,C16M19,16,1,04/07/2019,05/07/2019,10/07/2019,6,6,4.292,0.168,0.0161,147,124.66,0.836986599,148.9342842,2.4822
SP,F,13H2,2,C13M9,13,1,04/07/2019,05/07/2019,10/07/2019,6,3,4.592,0.186,0.0000,48,40.70,0.977085586,41.65858197,0.6943
SP,F,13H2,2,C13M10,13,1,04/07/2019,05/07/2019,10/07/2019,6,4,4.707,0.215,0.0000,30,25.44,0.83398943,30.50398374,0.5084
SP,F,14E3,3,C14M4,14,1,04/07/2019,05/07/2019,10/07/2019,6,2,4.742,0.216,0.0000,13,11.02,0.89085341,12.37465095,0.2062
SP,F,14E3,3,C14M5,14,1,04/07/2019,05/07/2019,10/07/2019,6,3,4.674,0.219,0.0000,6,5.09,0.853135051,5.963885784,0.0994
SP,F,14E3,3,C14M6,14,1,04/07/2019,05/07/2019,10/07/2019,6,4,5.176,0.267,0.0000,3,2.54,0.39513512,6.438303948,0.1073
SP,F,14F3,3,C14M7,14,1,04/07/2019,05/07/2019,10/07/2019,6,1,4.814,0.244,0.0000,13,11.02,0.858712434,12.83782506,0.2140
SP,F,14F3,3,C14M8,14,1,04/07/2019,05/07/2019,10/07/2019,6,2,4.188,0.191,0.0000,39,33.07,0.582806038,56.74615193,0.9458
SP,F,14F3,3,C14M9,14,1,04/07/2019,05/07/2019,10/07/2019,6,3,5.059,0.236,0.0000,75,63.60,0.841908881,75.54261684,1.2590
SP,F,14I3,3,C14S6,14,0,04/07/2019,05/07/2019,10/07/2019,6,2,4.268,0.196,0.0213,3,2.54,0.209761065,12.1280849,0.2021
SP,F,15E2,2,C15M6,15,1,04/07/2019,05/07/2019,10/07/2019,6,5,5.304,0.284,0.0000,13,11.02,1.200350144,9.183986903,0.1531
SP,F,15E2,2,C15M7,15,1,04/07/2019,05/07/2019,10/07/2019,6,6,4.927,0.221,0.0026,0,0.00,0.000,0.000,0.0000
SP,F,15F3,3,C15M8,15,1,04/07/2019,05/07/2019,10/07/2019,6,5,5.443,0.232,0.0000,14,11.87,0.890169568,13.33678484,0.2223
SP,F,15H3,3,C15S8,15,0,04/07/2019,05/07/2019,10/07/2019,6,1,5.099,0.104,0.0000,37,31.38,0.817305325,38.38957,0.6398
SP,F,16K3,3,C16M16,16,1,04/07/2019,05/07/2019,10/07/2019,6,5,5.196,0.235,0.0018,34,28.83,0.655347065,43.99500895,0.7333
SP,F,16L3,3,C16M18,16,1,04/07/2019,05/07/2019,10/07/2019,6,5,5.158,0.199,0.0183,17,14.42,0.670447451,21.50205803,0.3584
SP,F,14G3,3,C14M11,14,1,04/07/2019,05/07/2019,11/07/2019,6,2,5.11,0.237,0.0000,719,609.71,0.403151962,1512.362727,25.2060
SP,F,15G3,3,C15M12,15,1,04/07/2019,05/07/2019,11/07/2019,6,2,5.123,0.239,0.0000,1042,883.62,0.494529413,1786.781487,29.7797
SP,F,15G3,3,C15M13,15,1,04/07/2019,05/07/2019,11/07/2019,6,3,5.399,0.279,0.0000,102,86.50,0.885741795,97.65374112,1.6276
SP,F,13I2,2,C13M11,13,1,04/07/2019,05/07/2019,11/07/2019,6,3,4.683,0.218,0.0000,1,0.85,0.287340835,2.951199055,0.0492
SP,F,13I2,2,C13M12,13,1,04/07/2019,05/07/2019,11/07/2019,6,4,4.86,0.272,0.0000,30,25.44,0.634783503,40.07665587,0.6679
SP,F,14G3,3,C14M10,14,1,04/07/2019,05/07/2019,11/07/2019,6,1,4.88,0.224,0.0000,60,50.88,0.933013385,54.53297973,0.9089
SP,F,14H3,3,C14M13,14,1,04/07/2019,05/07/2019,11/07/2019,6,4,4.362,0.201,0.0000,25,21.20,0.77863924,27.22698641,0.4538
SP,F,14H3,3,C14M14,14,1,04/07/2019,05/07/2019,11/07/2019,6,5,4.617,0.186,0.0000,63,53.42,0.493159408,108.3300838,1.8055
SP,F,14H3,3,C14M15,14,1,04/07/2019,05/07/2019,11/07/2019,6,6,4.742,0.19,0.0112,21,17.81,0.845592922,21.05977893,0.3510
SP,F,15G3,3,C15M11,15,1,04/07/2019,05/07/2019,11/07/2019,6,1,4.188,0.197,0.0000,11,9.33,0.493269789,18.91054392,0.3152
SP,F,14L3,3,C14S9,14,0,06/07/2019,07/07/2019,13/07/2019,7,5,5.192,0.217,0.0142,108,91.58,0.644843252,142.0252128,2.3671
SP,F,15K2,2,C15M18,15,1,07/07/2019,08/07/2019,13/07/2019,6,2,4.811,0.252,0.000,143,121.26,0.789231053,153.6482878,2.5608
SP,F,13J1,1,C13S9,13,0,06/07/2019,07/07/2019,13/07/2019,7,1,5.118,0.200,0.0043,67,56.82,0.780798225,72.76655889,1.2128
SP,F,14L3,3,C14S8,14,0,06/07/2019,07/07/2019,13/07/2019,7,4,5.03,0.173,0.0000,63,53.42,0.680058266,78.55797457,1.3093
SP,F,14L3,3,C14S10,14,0,06/07/2019,07/07/2019,13/07/2019,7,6,5.193,0.191,0.0051,0,0.00,0.000,0.000,0.0000
SP,F,15K2,2,C15M17,15,1,07/07/2019,08/07/2019,13/07/2019,6,1,5.468,0.255,0.0000,4,3.39,0.400422716,8.471047878,0.1412
SP,F,15J2,2,C15S10,15,0,06/07/2019,07/07/2019,13/07/2019,7,5,5.097,0.228,0.0000,0,0.00,0.000,0.000,0.0000
SP,F,15J2,2,C15S11,15,0,06/07/2019,07/07/2019,13/07/2019,7,6,5.229,0.253,0.0000,5,4.24,0.691848319,6.128510953,0.1021
SP,F,15J1,1,C15S12,15,0,07/07/2019,08/07/2019,14/07/2019,7,3,5.163,0.227,0.000,177,150.10,0.873410944,171.8503771,2.8642
SP,F,15I3,3,C15M15,15,1,07/07/2019,08/07/2019,14/07/2019,7,2,5.192,0.245,0.0000,129,109.39,0.371921207,294.1268148,4.9021
SP,F,15L3,3,C15M20,15,1,07/07/2019,08/07/2019,14/07/2019,7,3,5.245,0.253,0.0000,516,437.57,0.787302243,555.7814729,9.2630
SP,F,16M3,3,C16M20,16,1,07/07/2019,08/07/2019,14/07/2019,7,4,5.866,0.271,0.0056,106,89.89,0.751922161,119.5442889,1.9924
SP,F,16M3,3,C16M22,16,1,07/07/2019,08/07/2019,14/07/2019,7,6,4.989,0.251,0.0018,202,171.30,0.456504027,375.2343681,6.2539
SP,F,16O1,1,C16M23,16,1,07/07/2019,08/07/2019,14/07/2019,7,4,5.091,0.278,0.0000,143,121.26,0.7055967,171.8602142,2.8643
SP,F,16Q1,1,C16M24,16,1,07/07/2019,08/07/2019,14/07/2019,7,5,4.506,0.204,0.0000,130,110.24,0.675094237,163.2957208,2.7216
SP,F,13K3,3,C13M13,13,1,07/07/2019,08/07/2019,14/07/2019,7,5,5.434,0.346,0.0038,4,3.39,0.505123536,6.71518898,0.1119
SP,F,13K3,3,C13M14,13,1,07/07/2019,08/07/2019,14/07/2019,7,6,4.915,0.273,0.0025,29,24.59,0.348802687,70.50404406,1.1751
SP,F,13L1,1,C13M16,13,1,07/07/2019,08/07/2019,14/07/2019,7,1,5.071,0.235,0.0000,74,62.75,0.877343465,71.52500987,1.1921
SP,F,14K2,2,C14M16,14,1,07/07/2019,08/07/2019,14/07/2019,7,5,4.915,0.324,0.0040,6,5.09,0.427912727,11.890275,0.1982
SP,F,14K2,2,C14M17,14,1,07/07/2019,08/07/2019,14/07/2019,7,6,4.72,0.194,0.0051,31,26.29,0.857919711,30.64156198,0.5107
SP,F,14N2,2,C14M18,14,1,07/07/2019,08/07/2019,14/07/2019,7,1,5.678,0.278,0.0000,53,44.94,0.927520094,48.45609307,0.8076
SP,F,14N2,2,C14M19,14,1,07/07/2019,08/07/2019,14/07/2019,7,2,5.123,0.461,0.0000,48,40.70,0.793376183,51.30479192,0.8551
SP,F,15I3,3,C15M14,15,1,07/07/2019,08/07/2019,14/07/2019,7,1,5.192,0.322,0.0000,30,25.44,1.062496161,23.94361591,0.3991
SP,F,15I3,3,C15M16,15,1,07/07/2019,08/07/2019,14/07/2019,7,3,5.331,0.228,0.0000,28,23.74,0.477237892,49.75296474,0.8292
SP,F,15L3,3,C15M19,15,1,07/07/2019,08/07/2019,14/07/2019,7,2,5.643,0.448,0.0000,74,62.75,0.712985558,88.01300287,1.4669
SP,F,15L3,3,C15M21,15,1,07/07/2019,08/07/2019,14/07/2019,7,4,4.499,0.181,0.0000,1,0.85,0.460243526,1.842502832,0.0307
SP,F,16M3,3,C16M21,16,1,07/07/2019,08/07/2019,14/07/2019,7,5,5.227,0.227,0.0043,0,0.00,0.000,0.000,0.0000
SP,F,16S2,2,C16S18,16,0,08/07/2019,09/07/2019,14/07/2019,7,4,5.053,0.234,0.0000,24,20.35,0.726234139,28.02401996,0.4671
SP,F,14P2,2,C14S12,14,0,11/07/2019,11/07/2019,17/07/2019,7,1,5.468,0.262,0.0083,194,164.51,0.37486984,438.8509891,7.3142
SP,F,16R3,3,C16M25,16,1,11/07/2019,11/07/2019,17/07/2019,7,5,4.883,0.231,0.0000,199,168.75,0.477780103,353.2001412,5.8867
SP,F,16R3,3,C16M26,16,1,11/07/2019,11/07/2019,17/07/2019,7,6,4.919,0.175,0.0020,261,221.33,0.836484714,264.5929999,4.4099
SP,F,13N3,3,C13M19,13,1,11/07/2019,11/07/2019,17/07/2019,7,3,5.365,0.254,0.0000,5,4.24,0.875424989,4.843361854,0.0807
SP,F,14O3,3,C14M20,14,1,11/07/2019,11/07/2019,17/07/2019,7,3,5.192,0.230,0.0000,73,61.90,0.707249291,87.52783609,1.4588
SP,F,14O3,3,C14M21,14,1,11/07/2019,11/07/2019,17/07/2019,7,4,4.734,0.223,0.0000,10,8.48,1.105081296,7.673643589,0.1279
SP,F,14P2,2,C14S13,14,0,11/07/2019,11/07/2019,17/07/2019,7,2,4.904,0.232,0.0000,3,2.54,0.660980953,3.848824978,0.0641
SP,F,15N3,3,C15S13,15,0,11/07/2019,11/07/2019,17/07/2019,7,4,4.922,0.184,0.0000,0,0.00,0.000,0.000,0.0000
SP,F,15N3,3,C15S14,15,0,11/07/2019,11/07/2019,17/07/2019,7,5,4.569,0.164,0.0037,4,3.39,0.36084534,9.400149106,0.1567
SP,F,15N3,3,C15S15,15,0,11/07/2019,11/07/2019,17/07/2019,7,6,5.188,0.205,0.0000,23,19.50,0.939911308,20.75089407,0.3458
SP,F,12G3,3,C12M7,12,1,11/07/2019,12/07/2019,18/07/2019,7,4,4.528,0.212,0.0000,102,86.50,0.425680401,203.1946969,3.3866
SP,M,12G3,3,C12M8,12,1,11/07/2019,12/07/2019,18/07/2019,7,5,4.571,0.251,0.0000,2,1.696,0.524566483,3.233145952,0.0539
SP,M,12G3,3,C12M9 ,12,1,11/07/2019,12/07/2019,18/07/2019,7,6,4.495,0.209,0.0000,0,0.000,0,0,0.0000
SP,F,12H2,2,C12M10,12,1,11/07/2019,12/07/2019,18/07/2019,7,3,4.881,0.232,0.0000,0,0.00,0.000,0.000,0.0000
SP,F,12H2,2,C12M11,12,1,11/07/2019,12/07/2019,18/07/2019,7,4,4.508,0.156,0.0000,0,0.00,0.000,0.000,0.0000
SP,F,14Q1,1,C14S14,14,0,11/07/2019,12/07/2019,18/07/2019,7,6,5.054,0.276,0.0000,0,0.00,0.000,0.000,0.0000
SP,F,15M2,2,C15M22,15,1,11/07/2019,12/07/2019,18/07/2019,7,3,3.807,0.145,0.0000,0,0.00,0.000,0.000,0.0000
SP,F,15M2,2,C15M23,15,1,11/07/2019,12/07/2019,18/07/2019,7,4,5.091,0.197,0.0000,0,0.00,0.000,0.000,0.0000
SP,F,15O2,2,C15M24,15,1,11/07/2019,12/07/2019,18/07/2019,7,1,4.638,0.225,0.0073,13,11.02,0.873479195,12.62079287,0.2103
SP,F,15O2,2,C15M25,15,1,11/07/2019,12/07/2019,18/07/2019,7,2,4.752,0.213,0.0000,5,4.24,1.347742796,3.146000863,0.0524
SP,F,15O3,3,C15S16,15,1,11/07/2019,12/07/2019,18/07/2019,7,1,4.782,0.328,0.0051,15,12.72,0.793216256,16.03597998,0.2673
SP,F,15O3,3,C15S17 ,15,1,11/07/2019,12/07/2019,18/07/2019,7,2,4.663,0.254,0.0000,11,9.33,0.432980326,21.54370403,0.3591
SP,F,15P1,1,C15M26,15,1,11/07/2019,12/07/2019,18/07/2019,7,1,5.09,0.362,0.0000,38,32.22,0.944277015,34.12557912,0.5688
SP,F,12J3,3,C12M12,12,1,12/07/2019,13/07/2019,19/07/2019,7,3,4.361,0.257,0.0000,3,2.544,0.970201703,2.622135163,0.0437
SP,M,12J3,3,C12M14,12,1,12/07/2019,13/07/2019,19/07/2019,7,1,5.333,0.201,0.0000,14,11.872,0.780117004,15.21823001,0.2536
SP,F,15P2,2,C15M27,15,1,12/07/2019,13/07/2019,19/07/2019,7,4,5.105,0.228,0.0000,12,10.176,0.984364885,10.33763003,0.1723
SP,F,15P2,2,C15M28,15,1,12/07/2019,13/07/2019,19/07/2019,7,5,5.028,0.277,0.0000,25,21.200,0.406211324,52.18958403,0.8698
SP,F,13T2,2,C13M28,13,1,16/07/2019,16/07/2019,21/07/2019,6,3,4.985,0.228,0.0000,174,147.55,0.349989494,421.5897973,7.0265
SP,F,13T2,2,C13M29,13,1,16/07/2019,16/07/2019,21/07/2019,6,4,4.518,0.199,0.0000,1,0.848,0.4560797,1.859324,0.030988733
SP,F,15Q1,1,C15M29,15,1,14/07/2019,15/07/2019,21/07/2019,7,1,5.055,0.231,0.0000,1866,1582.37,0.770347214,2054.097129,34.2350
SP,F,15R3,3,C15M30,15,1,14/07/2019,15/07/2019,21/07/2019,7,5,5.681,0.24,0.0037,246,208.608,0.398548468,523.4193997,8.7237
SP,F,15R3,3,C15M31,15,1,14/07/2019,15/07/2019,21/07/2019,7,6,4.541,0.154,0.0051,87,73.776,1.02490376,71.98334408,1.1997
SP,M,12L3,3,C12M15,12,1,14/07/2019,15/07/2019,21/07/2019,7,2,4.86,0.296,0.0000,51,43.25,0.448709964,96.38297224,1.6064
SP,M,12L3,3,C12M16,12,1,14/07/2019,15/07/2019,21/07/2019,7,3,4.811,0.279,0.0000,3,2.54,0.895244149,2.841682911,0.0474
SP,F,12L3,3,C12M17,12,1,14/07/2019,15/07/2019,21/07/2019,7,4,4.883,0.187,0.0000,22,18.66,0.709092109,26.30969906,0.4385
SP,M,12M1,1,C12M18 ,12,1,14/07/2019,15/07/2019,21/07/2019,7,5,5.245,0.313,0.0000,11,9.33,0.397858271,23.44553495,0.3908
SP,F,13Q2,2,C13S10,13,0,14/07/2019,15/07/2019,21/07/2019,7,3,4.523,4.0428,0.0042,3,2.54,0.644887354,3.944875002,0.0657
SP,F,13Q2,2,C13S11,13,0,14/07/2019,15/07/2019,21/07/2019,7,4,5.192,4.1804,0.0196,45,38.16,0.801135746,47.63237715,0.7939
SP,F,13S1,1,C13S12,13,0,14/07/2019,15/07/2019,21/07/2019,7,4,5.482,0.297,0.0000,21,17.81,0.762097199,23.3670981,0.3895
SP,F,13U2,2,C13S13,13,0,16/07/2019,16/07/2019,21/07/2019,6,1,4.758,0.273,0.0000,49,41.55,0.710847928,58.45413399,0.9742
SP,F,13P3,3,C13M22,13,1,14/07/2019,15/07/2019,21/07/2019,7,5,4.944,0.229,0.0000,22,18.66,0.186947829,99.79254675,1.6632
SP,F,13U2,2,C13S14,13,0,16/07/2019,16/07/2019,21/07/2019,6,2,5.019,0.258,0.0000,13,11.02,0.507389694,21.72688985,0.3621
SP,F,13P3,3,C13M23,13,1,14/07/2019,15/07/2019,21/07/2019,7,6,5.482,0.29,0.0000,0,0.00,0,0,0.0000
SP,F,13R3,3,C13M25,13,1,14/07/2019,15/07/2019,21/07/2019,7,1,4.814,0.24,0.0034,17,14.42,0.6953794,20.73112893,0.3455
SP,F,13R3,3,C13M26,13,1,14/07/2019,15/07/2019,21/07/2019,7,2,5.091,0.232,0.0000,21,17.81,0.678012795,26.26499105,0.4377
SP,F,13R3,3,C13M27,13,1,14/07/2019,15/07/2019,21/07/2019,7,3,4.973,0.282,0.0000,31,26.29,0.762097199,25.74517608,0.4291
SP,M,12K1,1,C12S6,12,0,14/07/2019,15/07/2019,21/07/2019,7,6,4.915,0.265,0.0000,6,5.09,0.890627509,5.712826014,0.0952
SP,F,15S1,1,C15S19,15,0,14/07/2019,15/07/2019,21/07/2019,7,5,5.26,0.257,0.0000,9,7.63,0.777069934,9.821509839,0.1637
SP,M,13AA3,3,C13S22,13,0,18/07/2019,19/07/2019,25/07/2019,7,3,5.622,0.287,0.0000,943,799.66,0.650251694,1229.776111,20.4963
SP,M,13Z3,3,C13S17,13,0,18/07/2019,19/07/2019,25/07/2019,7,4,5.366,0.285,0.0000,304,257.79,0.843757098,305.5286891,5.0921
SP,M,13Z3,3,C13S18,13,0,18/07/2019,19/07/2019,25/07/2019,7,5,5.503,0.279,0.0000,226,191.65,0.469791902,407.942323,6.7990
SP,M,13Z3,3,C13S19,13,0,18/07/2019,19/07/2019,25/07/2019,7,6,4.742,0.249,0.0000,1026,870.05,0.405960275,2143.18507,35.7198
SP,M,13W2,2,C13S15,13,0,18/07/2019,19/07/2019,25/07/2019,7,4,5.759,0.313,0.0097,2118,1796.06,0.422590998,4250.123661,70.8354
SP,M,13AB3,3,C13S24,13,0,18/07/2019,19/07/2019,25/07/2019,7,2,5.424,0.33,0.0000,1706,1446.69,0.388224713,3726.419139,62.1070
SP,M,13AB3,3,C13S25,13,0,18/07/2019,19/07/2019,25/07/2019,7,3,5.238,0.318,0.0000,1570,1331.36,0.707197004,1882.587161,31.3765
SP,F,13AA3,3,C13S20,13,0,18/07/2019,19/07/2019,25/07/2019,7,1,4.969,0.293,0.0055,20,16.96,0.928147591,18.2729559,0.3045
SP,F,13AA3,3,C13S21,13,0,18/07/2019,19/07/2019,25/07/2019,7,2,5.088,0.249,0.0000,0,0.00,0.0000,0.0000,0.0000
SP,F,13X2,2,C13M30,13,1,18/07/2019,19/07/2019,25/07/2019,7,2,4.622,0.135,0.0049,13,11.02,0.507389694,21.72688985,0.3621
SP,F,13Y2,2,C13M32,13,1,18/07/2019,19/07/2019,25/07/2019,7,5,4.919,0.222,0.0082,22,18.66,0.186947829,99.79254675,1.6632
SP,F,13Y2,2,C13M33,13,1,18/07/2019,19/07/2019,25/07/2019,7,6,5.611,0.237,0.0076,0,0.00,0.0000,0.0000,0.0000
SP,M,13AB3,3,C13S23,13,0,18/07/2019,19/07/2019,25/07/2019,7,1,6.091,0.27,0.0000,0,0.00,0.0000,0.0000,0.0000
SP,F,13V3,3,C13C1,13,C,NA,19/07/2019,25/07/2019,6,1,4.973,0.204,0.0026,49,41.55,0.710847928,58.45413399,0.9742
SP,F,14W1,1,C14C9 ,14,C,NA,28/07/2019,03/08/2019,7,3,5.424,0.288,0.0000,109,92.43,0.916788393,100.8215208,1.6804
SP,M,13AD3,3,C13C7,13,C,NA,28/07/2019,03/08/2019,7,4,5.745,0.29,0.0000,117,99.22,0.905555401,109.5636997,1.8261
SP,M,14U1,1,C14C6,14,C,NA,28/07/2019,03/08/2019,7,1,5.849,0.341,0.0000,2228,1889.34,0.551286248,3427.15605,57.1193
SP,M,15U3,3,C15C3,15,C,NA,28/07/2019,03/08/2019,7,2,5.438,0.353,0.0041,5727,4856.50,0.683243719,7107.99948,118.4667
SP,M,15U3,3,C15C4,15,C,NA,28/07/2019,03/08/2019,7,3,5.575,0.366,0.0000,1215,1030.32,0.921889428,1117.617763,18.6270
SP,F,16V3,3,C16C1,16,C,NA,28/07/2019,03/08/2019,7,5,4.754,0.295,0.0196,930,788.64,0.424043617,1859.808679,30.9968
SP,M,12N2,2,C12C1,12,C,NA,28/07/2019,03/08/2019,7,1,5.196,0.242,0.0000,0,0.00,0.000000,0.000000,0.0000
SP,M,12N2,2,C12C2,12,C,NA,28/07/2019,03/08/2019,7,2,5.203,0.284,0.0000,13,11.02,0.537448,20.511757,0.3419
SP,F,13AD3,3,C13C8,13,C,NA,28/07/2019,03/08/2019,7,5,5.634,0.271,0.0000,77,65.30,1.052979737,62.01068998,1.0335
SP,F,15U3,3,C15C5,15,C,NA,28/07/2019,03/08/2019,7,4,4.754,0.197,0.0170,7,5.94,0.368435893,16.11135101,0.2685
SP,M,16V3,3,C16C2,16,C,NA,28/07/2019,03/08/2019,7,6,5.631,0.287,0.0000,6,5.09,0.471249601,10.79682612,0.1799
SP,F,14Y3,3,C14C14,14,C,NA,05/08/2019,10/08/2019,NA,2,4.786,0.236,0.005,134,113.63,0.265890359,427.3641229,7.1227
SP,M,14Y3,3,C14C15 ,14,C,NA,05/08/2019,10/08/2019,NA,3,5.25,0.399,0.0196,147,124.66,0.289235228,430.9848459,7.1831
SP,M,13AF3,3,C13C12,13,C,NA,05/08/2019,10/08/2019,NA,4,5.068,0.288,0,1529,1296.59,0.452887309,2862.946198,47.7158
SP,M,13AF3,3,C13C13,13,C,NA,05/08/2019,10/08/2019,NA,5,5.091,0.377,0.0039,2880,2442.24,0.586597106,4163.402742,69.3900
SP,M,16W3,3,C16C7 ,16,C,NA,09/08/2019,10/08/2019,NA,3,5.717,0.446,0.0064,365,309.52,0.606690861,510.1774559,8.5030
SP,M,15V2,2,C15C6,15,C,NA,09/08/2019,10/08/2019,NA,4,5.329,0.288,0,2531,2146.29,0.700335771,3064.655683,51.0776
SP,M,13AE2,2,C13C10 ,13,C,NA,09/08/2019,10/08/2019,NA,5,5.53,0.245,0,1860,1577.28,0.636560621,2477.815857,41.2969
SP,M,13AE2,2,C13C11,13,C,NA,09/08/2019,10/08/2019,NA,6,5.172,0.287,0,5581,4732.69,0.675536654,7005.819704,116.7637
SP,M,14Y3,3,C14C13,14,C,NA,05/08/2019,10/08/2019,NA,1,5.283,0.337,0.0032,0,0.00,0,0,0.0000
SP,F,13AF3,3,C13C14,13,C,NA,05/08/2019,10/08/2019,NA,6,5.034,0.261,0.0063,0,0.00,0,0,0.0000
SP,M,12X3,3,C12C3,12,C,NA,09/08/2019,10/08/2019,NA,1,4.766,0.205,0.0025,33,27.98,0.957342951,29.2309041,0.4872
SP,M,12X3,3,C12C4,12,C,NA,09/08/2019,10/08/2019,NA,2,4.827,0.22,0,0,0.00,0,0,0.0000